<?xml version="1.0" encoding="UTF-8"?>
<beans xmlns="http://www.springframework.org/schema/beans"
	xmlns:xsi="http://www.w3.org/2001/XMLSchema-instance"
	xmlns:context="http://www.springframework.org/schema/context"
	xmlns:tx="http://www.springframework.org/schema/tx"
	xmlns:jpa="http://www.springframework.org/schema/data/jpa"
	xsi:schemaLocation="http://www.springframework.org/schema/beans https://www.springframework.org/schema/beans/spring-beans.xsd
		http://www.springframework.org/schema/context http://www.springframework.org/schema/context/spring-context-4.3.xsd
		http://www.springframework.org/schema/data/jpa http://www.springframework.org/schema/data/jpa/spring-jpa-1.8.xsd
		http://www.springframework.org/schema/tx http://www.springframework.org/schema/tx/spring-tx-4.3.xsd">
	
	<!-- 웹 어플리케이션 전체에 대한 설정은 이 파일에 한다. -->
	<!-- DB 연결 정보를 등록한다. -->
	<!-- 1. 프로퍼티 파일을 사용 하겠다. -->
	<context:property-placeholder location="classpath:jdbc.properties" />
	<!-- 2. DataSource빈을 등록한다. -->

	<bean id="dataSource"
		class="org.springframework.jdbc.datasource.DriverManagerDataSource">
		<property name="driverClassName" value="${o.driver}"></property>
		<property name="url" value="${o.url}"></property>
		<property name="username" value="${o.username}"></property>
		<property name="password" value="${o.password}"></property>
	</bean>

	<!-- 3. JdbcTemplate 빈을 등록한다. 생성자로 주입해도 되고 Setter로 주입해도 됩니다. -->
	<bean id="jdbcTemplate"
		class="org.springframework.jdbc.core.JdbcTemplate">
		<property name="dataSource" ref="dataSource"></property>
	</bean>

	<!-- 어노테이션으로 하려면 persistence.xml 하나가 필요하지만, xml로 JPA설정을 지정하려면 servlet-context.xml에 component-scan밑에 해야 한다 -->

	
</beans>
